{"Projects":[{"Duration":112.0,"Id":"f522229c-e674-e811-80c2-000d3a80225d","Name":"test","Desc":null,"Status":null,"Notes":[{"Id":6098,"InternalId":"a7d6d95b-50c1-47e0-b016-d1b3287bdaab","Message":"","ProjectId":"f522229c-e674-e811-80c2-000d3a80225d","DateTime":"1900-01-01T00:00:00","Duration":37.7125129,"Type":"Common","IsDefault":true},{"Id":6099,"InternalId":"cf4199ac-b0e0-4a62-8597-4b56a9dee42f","Message":"note 1","ProjectId":"f522229c-e674-e811-80c2-000d3a80225d","DateTime":"1900-01-01T00:00:00","Duration":74.9354174,"Type":"Common","IsDefault":false}]}],"Duration":0}