{"Id":"20f9d273-d3cb-4a1c-9ff9-f4f46a95f286","ProjectId":"f522229c-e674-e811-80c2-000d3a80225d","TimeZone":"Local","DateStart":"2018-06-22T02:04:25.6486256Z","DateEnd":"2018-06-22T02:06:21.4275422Z","DateIntervalStart":"2018-06-22T02:04:25.6536256Z","Duration":115.77891659999999,"Activitys":[],"Images":[],"AppTime":[],"DownTime":null,"Note":{"Id":6098,"InternalId":"a7d6d95b-50c1-47e0-b016-d1b3287bdaab","Message":"","ProjectId":"f522229c-e674-e811-80c2-000d3a80225d","DateTime":"1900-01-01T00:00:00","Duration":0.0,"Type":0,"IsDefault":true}}