{"Id":"2c7e6f86-7e60-4a92-bdf2-7f98fc2fd4b0","ProjectId":"f522229c-e674-e811-80c2-000d3a80225d","TimeZone":"Local","DateStart":"2018-06-22T02:10:17.0138996Z","DateEnd":"2018-06-22T02:10:35.697466Z","DateIntervalStart":"2018-06-22T02:10:17.0188996Z","Duration":18.6835664,"Activitys":[],"Images":[],"AppTime":[],"DownTime":null,"Note":{"Id":6098,"InternalId":"a7d6d95b-50c1-47e0-b016-d1b3287bdaab","Message":"","ProjectId":"f522229c-e674-e811-80c2-000d3a80225d","DateTime":"1900-01-01T00:00:00","Duration":0.0,"Type":0,"IsDefault":true}}