{"Id":"ec21af04-b659-4dc1-93cc-6af50ce7d5c5","ProjectId":"f522229c-e674-e811-80c2-000d3a80225d","TimeZone":"Local","DateStart":"2018-06-22T01:49:03.0155643Z","DateEnd":"2018-06-22T02:04:25.0830679Z","DateIntervalStart":"2018-06-22T01:49:03.0205643Z","Duration":922.0675036,"Activitys":[],"Images":[],"AppTime":[],"DownTime":null,"Note":{"Id":6098,"InternalId":"a7d6d95b-50c1-47e0-b016-d1b3287bdaab","Message":"","ProjectId":"f522229c-e674-e811-80c2-000d3a80225d","DateTime":"1900-01-01T00:00:00","Duration":0.0,"Type":0,"IsDefault":true}}