{"Projects":[{"Duration":0.0,"Id":"48893ad6-66e0-e711-80c2-000d3a808869","Name":"Jackobsen","Desc":null,"Status":null,"Notes":[{"Id":1420,"InternalId":"22755de9-f324-4e8b-ad96-70668a9b06e8","Message":"Default","ProjectId":"48893ad6-66e0-e711-80c2-000d3a808869","DateTime":"2018-04-06T12:24:46","Duration":0.0,"Type":"Common","IsDefault":true}]},{"Duration":0.0,"Id":"dfb0a21b-27f7-e711-80c3-000d3a808c0e","Name":"CareConnectors","Desc":null,"Status":null,"Notes":[{"Id":1423,"InternalId":"c0557fd1-9549-420c-8a45-2fce96ebc4a3","Message":"Default","ProjectId":"dfb0a21b-27f7-e711-80c3-000d3a808c0e","DateTime":"2018-01-25T12:39:55","Duration":0.0,"Type":"Common","IsDefault":true}]},{"Duration":0.0,"Id":"3102096a-4a89-e611-80c3-000d3a8096e4","Name":"FPCS","Desc":null,"Status":null,"Notes":[{"Id":1424,"InternalId":"d64f0e9f-bdf3-4bf6-a33e-49204e158cb0","Message":"Default","ProjectId":"3102096a-4a89-e611-80c3-000d3a8096e4","DateTime":"2017-10-18T23:00:00","Duration":0.0,"Type":"Common","IsDefault":true}]},{"Duration":0.0,"Id":"3202096a-4a89-e611-80c3-000d3a8096e4","Name":"Academic Guardians","Desc":null,"Status":null,"Notes":[{"Id":1425,"InternalId":"ebdc2181-9229-48fb-9935-83583b296870","Message":"Default","ProjectId":"3202096a-4a89-e611-80c3-000d3a8096e4","DateTime":"2017-06-26T06:40:32","Duration":0.0,"Type":"Common","IsDefault":true}]},{"Duration":0.0,"Id":"f7fed788-4a89-e611-80c3-000d3a8096e4","Name":"First Apps","Desc":null,"Status":null,"Notes":[{"Id":4067,"InternalId":"b54ca782-9882-4319-9efe-10c4c16a412d","Message":"","ProjectId":"f7fed788-4a89-e611-80c3-000d3a8096e4","DateTime":"2018-05-08T21:33:49.133","Duration":0.0,"Type":"Common","IsDefault":true}]},{"Duration":0.0,"Id":"e2311a8f-4a89-e611-80c3-000d3a8096e4","Name":"OnSource","Desc":null,"Status":null,"Notes":[{"Id":1426,"InternalId":"65114309-6eb0-4ce3-a4e2-79db735437f3","Message":"Default","ProjectId":"e2311a8f-4a89-e611-80c3-000d3a8096e4","DateTime":"2017-06-15T00:23:21","Duration":0.0,"Type":"Common","IsDefault":true}]},{"Duration":6845.0,"Id":"ecd38c32-5989-e611-80c3-000d3a8096e4","Name":"Monitask","Desc":null,"Status":null,"Notes":[{"Id":1418,"InternalId":"b6b9974a-1728-43b7-96d7-ff5d208cdd14","Message":"Default","ProjectId":"ecd38c32-5989-e611-80c3-000d3a8096e4","DateTime":"2018-05-16T10:27:42.857","Duration":0.0,"Type":"Common","IsDefault":true},{"Id":5014,"InternalId":"b8a46669-a768-45a4-b396-fdbb0b98e7a3","Message":"fix notes selection","ProjectId":"ecd38c32-5989-e611-80c3-000d3a8096e4","DateTime":"2018-05-31T01:04:00.19","Duration":0.0,"Type":"Common","IsDefault":false},{"Id":5048,"InternalId":"a5538a4d-480f-4838-9cd2-4f8aa143b5cc","Message":"add manual time testing","ProjectId":"ecd38c32-5989-e611-80c3-000d3a8096e4","DateTime":"2018-05-31T05:51:37.65","Duration":0.0,"Type":"Common","IsDefault":false},{"Id":5049,"InternalId":"72b1c32e-ce15-4fcd-9322-518329cf84d1","Message":"floating notes","ProjectId":"ecd38c32-5989-e611-80c3-000d3a8096e4","DateTime":"2018-05-31T06:01:26.313","Duration":0.0,"Type":"Common","IsDefault":false},{"Id":5052,"InternalId":"b97b023f-29e6-4ae1-bf94-9d00e1cabb36","Message":"mac research","ProjectId":"ecd38c32-5989-e611-80c3-000d3a8096e4","DateTime":"2018-05-31T06:46:17.94","Duration":0.0,"Type":"Common","IsDefault":false},{"Id":5068,"InternalId":"c5a13383-ac44-4c76-9095-7d28b700e1ed","Message":"date change timeline","ProjectId":"ecd38c32-5989-e611-80c3-000d3a8096e4","DateTime":"2018-06-01T00:46:41.22","Duration":0.0,"Type":"Common","IsDefault":false},{"Id":5098,"InternalId":"4e53acb1-c251-4f03-acee-2ce400e8bd21","Message":"0 screenshots","ProjectId":"ecd38c32-5989-e611-80c3-000d3a8096e4","DateTime":"2018-06-03T00:27:56.353","Duration":0.0,"Type":"Common","IsDefault":false},{"Id":5099,"InternalId":"69f7d125-fa3b-48a8-9256-6a37e93bfb7e","Message":"fix update chech handle","ProjectId":"ecd38c32-5989-e611-80c3-000d3a8096e4","DateTime":"2018-06-03T01:55:29.79","Duration":0.0,"Type":"Common","IsDefault":false},{"Id":5157,"InternalId":"b44632ee-8504-418a-8218-d9013888fe4b","Message":"default note fix","ProjectId":"ecd38c32-5989-e611-80c3-000d3a8096e4","DateTime":"2018-06-07T00:50:48.363","Duration":0.0,"Type":"Common","IsDefault":false},{"Id":5200,"InternalId":"3840dbd4-1c84-425a-89bf-7877b81ddbb0","Message":"rework time removing","ProjectId":"ecd38c32-5989-e611-80c3-000d3a8096e4","DateTime":"2018-06-10T02:38:13.31","Duration":0.0,"Type":"Common","IsDefault":false},{"Id":5201,"InternalId":"0c8cdbe9-5cbf-441a-8073-4bf1c6dc0f4e","Message":"test long note ssssssssssssssssssssssssssss sssssss sssssssssss  ssssssssssssssssssssssss","ProjectId":"ecd38c32-5989-e611-80c3-000d3a8096e4","DateTime":"2018-06-10T03:12:33.58","Duration":0.0,"Type":"Common","IsDefault":false},{"Id":5202,"InternalId":"946780b0-0a22-4bb2-b9cf-24d2f47c54ec","Message":"icon fix","ProjectId":"ecd38c32-5989-e611-80c3-000d3a8096e4","DateTime":"2018-06-10T03:24:31.093","Duration":0.0,"Type":"Common","IsDefault":false},{"Id":5922,"InternalId":"822b8997-ae67-49c8-ac46-f5dc244976d9","Message":"xamarin mac test forms application","ProjectId":"ecd38c32-5989-e611-80c3-000d3a8096e4","DateTime":"2018-06-10T04:23:57.647","Duration":0.0,"Type":"Common","IsDefault":false},{"Id":5932,"InternalId":"c69d8a9e-621e-46de-bdca-4789128c9b5c","Message":"xamarin main pag","ProjectId":"ecd38c32-5989-e611-80c3-000d3a8096e4","DateTime":"2018-06-11T02:36:11.417","Duration":0.0,"Type":"Common","IsDefault":false},{"Id":5967,"InternalId":"4ec76510-e00c-4076-beef-fc1a90af7ef7","Message":"research mac controls","ProjectId":"ecd38c32-5989-e611-80c3-000d3a8096e4","DateTime":"2018-06-13T02:41:48.103","Duration":0.0,"Type":"Common","IsDefault":false},{"Id":5981,"InternalId":"b0288671-f3c1-44db-9800-b99001be1ee8","Message":"data bindings","ProjectId":"ecd38c32-5989-e611-80c3-000d3a8096e4","DateTime":"2018-06-14T02:38:29.677","Duration":0.0,"Type":"Common","IsDefault":false},{"Id":5982,"InternalId":"9a077827-ede6-4a10-811a-04f391a2d888","Message":"Listbox template","ProjectId":"ecd38c32-5989-e611-80c3-000d3a8096e4","DateTime":"2018-06-14T03:34:18.087","Duration":0.0,"Type":"Common","IsDefault":false},{"Id":5996,"InternalId":"4880e90b-bad1-44d4-8154-a62748491dcb","Message":"project picker template","ProjectId":"ecd38c32-5989-e611-80c3-000d3a8096e4","DateTime":"2018-06-14T08:13:12.77","Duration":0.0,"Type":"Common","IsDefault":false},{"Id":6009,"InternalId":"24ca3677-9177-4fe6-9c89-bf244f6bfa1e","Message":"fix","ProjectId":"ecd38c32-5989-e611-80c3-000d3a8096e4","DateTime":"2018-06-15T06:01:01.073","Duration":0.0,"Type":"Common","IsDefault":false},{"Id":6025,"InternalId":"55aaad02-9ca1-4429-8d26-0f820a09900f","Message":"mac os file system","ProjectId":"ecd38c32-5989-e611-80c3-000d3a8096e4","DateTime":"2018-06-16T06:01:01.6","Duration":0.0,"Type":"Common","IsDefault":false},{"Id":6034,"InternalId":"89dfe342-1746-4dcc-bf4f-ecb8d6d3a5a8","Message":"mac os kernel pinvoke","ProjectId":"ecd38c32-5989-e611-80c3-000d3a8096e4","DateTime":"2018-06-17T23:20:38.187","Duration":17.095484,"Type":"Common","IsDefault":false},{"Id":6079,"InternalId":"85659766-b767-4b8b-a821-2806aabac582","Message":"alt activity processing","ProjectId":"ecd38c32-5989-e611-80c3-000d3a8096e4","DateTime":"2018-06-20T02:05:09.103","Duration":6164.9181275,"Type":"Common","IsDefault":false},{"Id":6084,"InternalId":"78b0c723-f06f-4b4e-b1c2-b4c994ed2359","Message":"mac tracking","ProjectId":"ecd38c32-5989-e611-80c3-000d3a8096e4","DateTime":"2018-06-20T08:19:58.39","Duration":663.13015539999992,"Type":"Common","IsDefault":false}]},{"Duration":0.0,"Id":"287a1982-5c84-e611-80c3-000d3a809a58","Name":"Slice Products","Desc":null,"Status":null,"Notes":[{"Id":4070,"InternalId":"9de31bb5-ca1c-449f-9f47-77c034ad5d9f","Message":"","ProjectId":"287a1982-5c84-e611-80c3-000d3a809a58","DateTime":"2018-05-08T21:33:49.133","Duration":0.0,"Type":"Common","IsDefault":true}]},{"Duration":0.0,"Id":"dd694789-5c84-e611-80c3-000d3a809a58","Name":"ForeverFit.tv","Desc":null,"Status":null,"Notes":[{"Id":4072,"InternalId":"04efa157-c51a-4595-b70e-457ff145a224","Message":"","ProjectId":"dd694789-5c84-e611-80c3-000d3a809a58","DateTime":"2018-05-08T22:42:56.717","Duration":0.0,"Type":"Common","IsDefault":true}]},{"Duration":0.0,"Id":"a3c24dca-5c84-e611-80c3-000d3a809a58","Name":"Smart FTE","Desc":null,"Status":null,"Notes":[{"Id":1428,"InternalId":"0d1d489f-8868-4094-b4bc-cf709256936e","Message":"Default","ProjectId":"a3c24dca-5c84-e611-80c3-000d3a809a58","DateTime":"2017-03-14T23:30:00","Duration":0.0,"Type":"Common","IsDefault":true}]},{"Duration":0.0,"Id":"bed2ace4-5c84-e611-80c3-000d3a809a58","Name":"Clear Data","Desc":null,"Status":null,"Notes":[{"Id":1422,"InternalId":"c0bcb517-595f-4f5e-a190-b5e46ed039cb","Message":"Default","ProjectId":"bed2ace4-5c84-e611-80c3-000d3a809a58","DateTime":"2018-02-21T08:01:38","Duration":0.0,"Type":"Common","IsDefault":true}]},{"Duration":0.0,"Id":"60a1a0ec-5c84-e611-80c3-000d3a809a58","Name":"School Organizer","Desc":null,"Status":null,"Notes":[{"Id":1427,"InternalId":"f0361da6-1b21-4ca0-b7f2-14c4d8349865","Message":"Default","ProjectId":"60a1a0ec-5c84-e611-80c3-000d3a809a58","DateTime":"2017-04-07T09:15:00","Duration":0.0,"Type":"Common","IsDefault":true}]},{"Duration":0.0,"Id":"3e76d95d-0142-e811-80c3-00155db05510","Name":"DrexelCBT","Desc":null,"Status":null,"Notes":[{"Id":4080,"InternalId":"5169716d-9b36-4957-a0c6-e7b864f1fbc6","Message":"","ProjectId":"3e76d95d-0142-e811-80c3-00155db05510","DateTime":"2018-05-08T21:33:49.133","Duration":0.0,"Type":"Common","IsDefault":true}]},{"Duration":0.0,"Id":"555cc2a7-eac4-e711-80c2-00155db055d8","Name":"Performance Scope","Desc":null,"Status":null,"Notes":[{"Id":4081,"InternalId":"b0f6ae48-4d96-4915-a8b6-eccdff359845","Message":"","ProjectId":"555cc2a7-eac4-e711-80c2-00155db055d8","DateTime":"2018-05-08T21:33:49.133","Duration":0.0,"Type":"Common","IsDefault":true}]},{"Duration":0.0,"Id":"32807d94-59ee-e611-80c3-00155db05722","Name":"Drexel","Desc":null,"Status":null,"Notes":[{"Id":1419,"InternalId":"54478f21-d2a1-4147-b790-2ef5ccb38e80","Message":"Default","ProjectId":"32807d94-59ee-e611-80c3-00155db05722","DateTime":"2018-04-20T00:59:12","Duration":0.0,"Type":"Common","IsDefault":true}]},{"Duration":0.0,"Id":"86567ad0-59ee-e611-80c3-00155db05722","Name":"Other","Desc":null,"Status":null,"Notes":[{"Id":1421,"InternalId":"fdb7d6d8-59f7-4f93-84ae-b89a5a0f5509","Message":"Default","ProjectId":"86567ad0-59ee-e611-80c3-00155db05722","DateTime":"2018-03-29T07:25:21","Duration":0.0,"Type":"Common","IsDefault":true},{"Id":4606,"InternalId":"c030724d-7d01-4d03-bcda-f717c5b246dc","Message":"java bridge","ProjectId":"86567ad0-59ee-e611-80c3-00155db05722","DateTime":"2018-05-16T23:18:41.807","Duration":0.0,"Type":"Common","IsDefault":false},{"Id":4777,"InternalId":"b2378057-3af0-4b93-a2fd-4276fd085eea","Message":"java access bridge applets","ProjectId":"86567ad0-59ee-e611-80c3-00155db05722","DateTime":"2018-05-17T20:31:56.837","Duration":0.0,"Type":"Common","IsDefault":false},{"Id":4963,"InternalId":"1be622a0-209b-4428-a0b5-556635b5cd9b","Message":"some test","ProjectId":"86567ad0-59ee-e611-80c3-00155db05722","DateTime":"2018-05-29T00:07:42.483","Duration":0.0,"Type":"Common","IsDefault":false},{"Id":4974,"InternalId":"d8ce3c5b-59b8-4e90-83d7-609eef273d0d","Message":"java miting","ProjectId":"86567ad0-59ee-e611-80c3-00155db05722","DateTime":"1900-01-01T00:00:00","Duration":0.0,"Type":"Common","IsDefault":false}]}],"Duration":0}